sample-id	absolute-filepath
SRR31143308	/media/lfgp/GEBT/16s/SRR_Acc_List/SRR31143308/SRR31143308.fastq
SRR31143309	/media/lfgp/GEBT/16s/SRR_Acc_List/SRR31143309/SRR31143309.fastq
SRR31143310	/media/lfgp/GEBT/16s/SRR_Acc_List/SRR31143310/SRR31143310.fastq
SRR31143311	/media/lfgp/GEBT/16s/SRR_Acc_List/SRR31143311/SRR31143311.fastq
SRR31143312	/media/lfgp/GEBT/16s/SRR_Acc_List/SRR31143312/SRR31143312.fastq
SRR31143313	/media/lfgp/GEBT/16s/SRR_Acc_List/SRR31143313/SRR31143313.fastq
SRR31143314	/media/lfgp/GEBT/16s/SRR_Acc_List/SRR31143314/SRR31143314.fastq
SRR31143315	/media/lfgp/GEBT/16s/SRR_Acc_List/SRR31143315/SRR31143315.fastq
SRR31143316	/media/lfgp/GEBT/16s/SRR_Acc_List/SRR31143316/SRR31143316.fastq
SRR31143317	/media/lfgp/GEBT/16s/SRR_Acc_List/SRR31143317/SRR31143317.fastq
SRR31143318	/media/lfgp/GEBT/16s/SRR_Acc_List/SRR31143318/SRR31143318.fastq
SRR31143319	/media/lfgp/GEBT/16s/SRR_Acc_List/SRR31143319/SRR31143319.fastq
SRR31143320	/media/lfgp/GEBT/16s/SRR_Acc_List/SRR31143320/SRR31143320.fastq
SRR31143321	/media/lfgp/GEBT/16s/SRR_Acc_List/SRR31143321/SRR31143321.fastq
SRR31143322	/media/lfgp/GEBT/16s/SRR_Acc_List/SRR31143322/SRR31143322.fastq
SRR31143323	/media/lfgp/GEBT/16s/SRR_Acc_List/SRR31143323/SRR31143323.fastq
SRR31143324	/media/lfgp/GEBT/16s/SRR_Acc_List/SRR31143324/SRR31143324.fastq
SRR31143325	/media/lfgp/GEBT/16s/SRR_Acc_List/SRR31143325/SRR31143325.fastq
SRR31143326	/media/lfgp/GEBT/16s/SRR_Acc_List/SRR31143326/SRR31143326.fastq
SRR31143327	/media/lfgp/GEBT/16s/SRR_Acc_List/SRR31143327/SRR31143327.fastq
SRR31143328	/media/lfgp/GEBT/16s/SRR_Acc_List/SRR31143328/SRR31143328.fastq
SRR31143329	/media/lfgp/GEBT/16s/SRR_Acc_List/SRR31143329/SRR31143329.fastq
SRR31143330	/media/lfgp/GEBT/16s/SRR_Acc_List/SRR31143330/SRR31143330.fastq
SRR31143331	/media/lfgp/GEBT/16s/SRR_Acc_List/SRR31143331/SRR31143331.fastq
SRR31143332	/media/lfgp/GEBT/16s/SRR_Acc_List/SRR31143332/SRR31143332.fastq
SRR31143333	/media/lfgp/GEBT/16s/SRR_Acc_List/SRR31143333/SRR31143333.fastq
SRR31143334	/media/lfgp/GEBT/16s/SRR_Acc_List/SRR31143334/SRR31143334.fastq
SRR31143335	/media/lfgp/GEBT/16s/SRR_Acc_List/SRR31143335/SRR31143335.fastq
SRR31143336	/media/lfgp/GEBT/16s/SRR_Acc_List/SRR31143336/SRR31143336.fastq
SRR31143337	/media/lfgp/GEBT/16s/SRR_Acc_List/SRR31143337/SRR31143337.fastq
SRR31143338	/media/lfgp/GEBT/16s/SRR_Acc_List/SRR31143338/SRR31143338.fastq
SRR31143339	/media/lfgp/GEBT/16s/SRR_Acc_List/SRR31143339/SRR31143339.fastq
SRR31143340	/media/lfgp/GEBT/16s/SRR_Acc_List/SRR31143340/SRR31143340.fastq
SRR31143341	/media/lfgp/GEBT/16s/SRR_Acc_List/SRR31143341/SRR31143341.fastq
SRR31143342	/media/lfgp/GEBT/16s/SRR_Acc_List/SRR31143342/SRR31143342.fastq
SRR31143343	/media/lfgp/GEBT/16s/SRR_Acc_List/SRR31143343/SRR31143343.fastq
SRR31143344	/media/lfgp/GEBT/16s/SRR_Acc_List/SRR31143344/SRR31143344.fastq
SRR31143345	/media/lfgp/GEBT/16s/SRR_Acc_List/SRR31143345/SRR31143345.fastq
SRR31143346	/media/lfgp/GEBT/16s/SRR_Acc_List/SRR31143346/SRR31143346.fastq
SRR31143347	/media/lfgp/GEBT/16s/SRR_Acc_List/SRR31143347/SRR31143347.fastq
SRR31143348	/media/lfgp/GEBT/16s/SRR_Acc_List/SRR31143348/SRR31143348.fastq
SRR31143349	/media/lfgp/GEBT/16s/SRR_Acc_List/SRR31143349/SRR31143349.fastq
SRR31143350	/media/lfgp/GEBT/16s/SRR_Acc_List/SRR31143350/SRR31143350.fastq
SRR31143351	/media/lfgp/GEBT/16s/SRR_Acc_List/SRR31143351/SRR31143351.fastq
SRR31143352	/media/lfgp/GEBT/16s/SRR_Acc_List/SRR31143352/SRR31143352.fastq
SRR31143353	/media/lfgp/GEBT/16s/SRR_Acc_List/SRR31143353/SRR31143353.fastq
SRR31143354	/media/lfgp/GEBT/16s/SRR_Acc_List/SRR31143354/SRR31143354.fastq
SRR31143355	/media/lfgp/GEBT/16s/SRR_Acc_List/SRR31143355/SRR31143355.fastq
SRR31143356	/media/lfgp/GEBT/16s/SRR_Acc_List/SRR31143356/SRR31143356.fastq
SRR31143357	/media/lfgp/GEBT/16s/SRR_Acc_List/SRR31143357/SRR31143357.fastq
SRR31143358	/media/lfgp/GEBT/16s/SRR_Acc_List/SRR31143358/SRR31143358.fastq
SRR31143359	/media/lfgp/GEBT/16s/SRR_Acc_List/SRR31143359/SRR31143359.fastq
SRR31143360	/media/lfgp/GEBT/16s/SRR_Acc_List/SRR31143360/SRR31143360.fastq
SRR31143361	/media/lfgp/GEBT/16s/SRR_Acc_List/SRR31143361/SRR31143361.fastq
SRR31143362	/media/lfgp/GEBT/16s/SRR_Acc_List/SRR31143362/SRR31143362.fastq
SRR31143363	/media/lfgp/GEBT/16s/SRR_Acc_List/SRR31143363/SRR31143363.fastq
SRR31143364	/media/lfgp/GEBT/16s/SRR_Acc_List/SRR31143364/SRR31143364.fastq
SRR31143365	/media/lfgp/GEBT/16s/SRR_Acc_List/SRR31143365/SRR31143365.fastq
SRR31143366	/media/lfgp/GEBT/16s/SRR_Acc_List/SRR31143366/SRR31143366.fastq
SRR31143367	/media/lfgp/GEBT/16s/SRR_Acc_List/SRR31143367/SRR31143367.fastq
SRR31143368	/media/lfgp/GEBT/16s/SRR_Acc_List/SRR31143368/SRR31143368.fastq
SRR31143369	/media/lfgp/GEBT/16s/SRR_Acc_List/SRR31143369/SRR31143369.fastq
SRR31143370	/media/lfgp/GEBT/16s/SRR_Acc_List/SRR31143370/SRR31143370.fastq
SRR31143371	/media/lfgp/GEBT/16s/SRR_Acc_List/SRR31143371/SRR31143371.fastq
SRR31143372	/media/lfgp/GEBT/16s/SRR_Acc_List/SRR31143372/SRR31143372.fastq
SRR31143373	/media/lfgp/GEBT/16s/SRR_Acc_List/SRR31143373/SRR31143373.fastq
SRR31143374	/media/lfgp/GEBT/16s/SRR_Acc_List/SRR31143374/SRR31143374.fastq
SRR31143375	/media/lfgp/GEBT/16s/SRR_Acc_List/SRR31143375/SRR31143375.fastq
SRR31143376	/media/lfgp/GEBT/16s/SRR_Acc_List/SRR31143376/SRR31143376.fastq
SRR31143377	/media/lfgp/GEBT/16s/SRR_Acc_List/SRR31143377/SRR31143377.fastq
SRR31143378	/media/lfgp/GEBT/16s/SRR_Acc_List/SRR31143378/SRR31143378.fastq
SRR31143379	/media/lfgp/GEBT/16s/SRR_Acc_List/SRR31143379/SRR31143379.fastq
SRR31143380	/media/lfgp/GEBT/16s/SRR_Acc_List/SRR31143380/SRR31143380.fastq
SRR31143381	/media/lfgp/GEBT/16s/SRR_Acc_List/SRR31143381/SRR31143381.fastq
SRR31143382	/media/lfgp/GEBT/16s/SRR_Acc_List/SRR31143382/SRR31143382.fastq
SRR31143383	/media/lfgp/GEBT/16s/SRR_Acc_List/SRR31143383/SRR31143383.fastq
SRR31143384	/media/lfgp/GEBT/16s/SRR_Acc_List/SRR31143384/SRR31143384.fastq
SRR31143385	/media/lfgp/GEBT/16s/SRR_Acc_List/SRR31143385/SRR31143385.fastq
SRR31143386	/media/lfgp/GEBT/16s/SRR_Acc_List/SRR31143386/SRR31143386.fastq
SRR31143387	/media/lfgp/GEBT/16s/SRR_Acc_List/SRR31143387/SRR31143387.fastq
SRR31143388	/media/lfgp/GEBT/16s/SRR_Acc_List/SRR31143388/SRR31143388.fastq
SRR31143389	/media/lfgp/GEBT/16s/SRR_Acc_List/SRR31143389/SRR31143389.fastq
SRR31143390	/media/lfgp/GEBT/16s/SRR_Acc_List/SRR31143390/SRR31143390.fastq
SRR31143391	/media/lfgp/GEBT/16s/SRR_Acc_List/SRR31143391/SRR31143391.fastq
SRR31143392	/media/lfgp/GEBT/16s/SRR_Acc_List/SRR31143392/SRR31143392.fastq
SRR31143393	/media/lfgp/GEBT/16s/SRR_Acc_List/SRR31143393/SRR31143393.fastq
SRR31143394	/media/lfgp/GEBT/16s/SRR_Acc_List/SRR31143394/SRR31143394.fastq
SRR31143395	/media/lfgp/GEBT/16s/SRR_Acc_List/SRR31143395/SRR31143395.fastq
SRR31143396	/media/lfgp/GEBT/16s/SRR_Acc_List/SRR31143396/SRR31143396.fastq
SRR31143397	/media/lfgp/GEBT/16s/SRR_Acc_List/SRR31143397/SRR31143397.fastq
SRR31143398	/media/lfgp/GEBT/16s/SRR_Acc_List/SRR31143398/SRR31143398.fastq
SRR31143399	/media/lfgp/GEBT/16s/SRR_Acc_List/SRR31143399/SRR31143399.fastq
SRR31143400	/media/lfgp/GEBT/16s/SRR_Acc_List/SRR31143400/SRR31143400.fastq
SRR31143401	/media/lfgp/GEBT/16s/SRR_Acc_List/SRR31143401/SRR31143401.fastq
SRR31143402	/media/lfgp/GEBT/16s/SRR_Acc_List/SRR31143402/SRR31143402.fastq
SRR31143403	/media/lfgp/GEBT/16s/SRR_Acc_List/SRR31143403/SRR31143403.fastq
SRR31143404	/media/lfgp/GEBT/16s/SRR_Acc_List/SRR31143404/SRR31143404.fastq
SRR31143405	/media/lfgp/GEBT/16s/SRR_Acc_List/SRR31143405/SRR31143405.fastq
SRR31143406	/media/lfgp/GEBT/16s/SRR_Acc_List/SRR31143406/SRR31143406.fastq
SRR31143407	/media/lfgp/GEBT/16s/SRR_Acc_List/SRR31143407/SRR31143407.fastq
SRR31143408	/media/lfgp/GEBT/16s/SRR_Acc_List/SRR31143408/SRR31143408.fastq
SRR31143409	/media/lfgp/GEBT/16s/SRR_Acc_List/SRR31143409/SRR31143409.fastq
SRR31143410	/media/lfgp/GEBT/16s/SRR_Acc_List/SRR31143410/SRR31143410.fastq
SRR31143411	/media/lfgp/GEBT/16s/SRR_Acc_List/SRR31143411/SRR31143411.fastq
SRR31143412	/media/lfgp/GEBT/16s/SRR_Acc_List/SRR31143412/SRR31143412.fastq
SRR31143413	/media/lfgp/GEBT/16s/SRR_Acc_List/SRR31143413/SRR31143413.fastq
SRR31143414	/media/lfgp/GEBT/16s/SRR_Acc_List/SRR31143414/SRR31143414.fastq
SRR31143415	/media/lfgp/GEBT/16s/SRR_Acc_List/SRR31143415/SRR31143415.fastq
SRR31143416	/media/lfgp/GEBT/16s/SRR_Acc_List/SRR31143416/SRR31143416.fastq
SRR31143417	/media/lfgp/GEBT/16s/SRR_Acc_List/SRR31143417/SRR31143417.fastq
SRR31143418	/media/lfgp/GEBT/16s/SRR_Acc_List/SRR31143418/SRR31143418.fastq
SRR31143419	/media/lfgp/GEBT/16s/SRR_Acc_List/SRR31143419/SRR31143419.fastq
SRR31143420	/media/lfgp/GEBT/16s/SRR_Acc_List/SRR31143420/SRR31143420.fastq
SRR31143421	/media/lfgp/GEBT/16s/SRR_Acc_List/SRR31143421/SRR31143421.fastq
SRR31143422	/media/lfgp/GEBT/16s/SRR_Acc_List/SRR31143422/SRR31143422.fastq
SRR31143423	/media/lfgp/GEBT/16s/SRR_Acc_List/SRR31143423/SRR31143423.fastq
SRR31143424	/media/lfgp/GEBT/16s/SRR_Acc_List/SRR31143424/SRR31143424.fastq
SRR31143425	/media/lfgp/GEBT/16s/SRR_Acc_List/SRR31143425/SRR31143425.fastq
SRR31143426	/media/lfgp/GEBT/16s/SRR_Acc_List/SRR31143426/SRR31143426.fastq
SRR31143427	/media/lfgp/GEBT/16s/SRR_Acc_List/SRR31143427/SRR31143427.fastq
SRR31143428	/media/lfgp/GEBT/16s/SRR_Acc_List/SRR31143428/SRR31143428.fastq
SRR31143429	/media/lfgp/GEBT/16s/SRR_Acc_List/SRR31143429/SRR31143429.fastq
SRR31143430	/media/lfgp/GEBT/16s/SRR_Acc_List/SRR31143430/SRR31143430.fastq
SRR31143431	/media/lfgp/GEBT/16s/SRR_Acc_List/SRR31143431/SRR31143431.fastq
SRR31143432	/media/lfgp/GEBT/16s/SRR_Acc_List/SRR31143432/SRR31143432.fastq
SRR31143433	/media/lfgp/GEBT/16s/SRR_Acc_List/SRR31143433/SRR31143433.fastq
SRR31143434	/media/lfgp/GEBT/16s/SRR_Acc_List/SRR31143434/SRR31143434.fastq
SRR31143435	/media/lfgp/GEBT/16s/SRR_Acc_List/SRR31143435/SRR31143435.fastq
